{"cameraMode":{"drawMode":0,"name":"Shaded","section":"Shading Mode"},"sceneLighting":true,"audioPlay":false,"sceneViewState":{"showFog":true,"showMaterialUpdate":false,"showSkybox":true,"showFlares":true,"showImageEffects":true,"showParticleSystems":true},"in2DMode":false,"pivot":{"x":23.812023162841798,"y":3.0000038146972658,"z":136.080322265625},"rotation":{"x":0.11915899068117142,"y":-0.8749009370803833,"z":0.2729356288909912,"w":0.38193076848983767},"size":159.14675903320313,"orthographic":true}